INSERT INTO authors(author_id, fullname, birth_date, death_date) VALUES ('1','Уильям Шекспир','26-Apr-1564','23-Apr-1616');
INSERT INTO authors(author_id, fullname, birth_date, death_date) VALUES ('2','Джек Лондон','12-Jan-1876','22-Nov-1916');
INSERT INTO authors(author_id, fullname, birth_date, death_date) VALUES ('3','Рэй Брэдбери','22-Aug-1920','5-Jun-2012');
INSERT INTO authors(author_id, fullname, birth_date, death_date) VALUES ('4','Фрэнсис Скотт Фицджеральд','24-Sept-1896','21-Dec-1940');
INSERT INTO authors(author_id, fullname, birth_date, death_date) VALUES ('5','Шарлотта Бронте','21-Apr-1816','31-Mar-1855');
INSERT INTO authors(author_id, fullname, birth_date, death_date) VALUES ('6','Брэм Стокер','8-Nov-1847','20-Apr-1912');
INSERT INTO authors(author_id, fullname, birth_date, death_date) VALUES ('7','Николай Гоголь','1-Apr-1809','4-Mar-1852');
INSERT INTO authors(author_id, fullname, birth_date, death_date) VALUES ('8','Герберт Уэллс','21-Sept-1866 ','13-Aug-1946');
INSERT INTO authors(author_id, fullname, birth_date, death_date) VALUES ('9','Сьюзен Коллинз','30-Nov-1961',NULL);
INSERT INTO authors(author_id, fullname, birth_date, death_date) VALUES ('10','Дмитрий Глуховский','12-Jun-1979',NULL);
INSERT INTO authors(author_id, fullname, birth_date, death_date) VALUES ('11','Стиг Ларссон','15-Aug-1954','9-Nov-2004');
INSERT INTO authors(author_id, fullname, birth_date, death_date) VALUES ('12','Ричард Бах','23-Jun-1936',NULL);
INSERT INTO authors(author_id, fullname, birth_date, death_date) VALUES ('13','Жюль Верн','8-Feb-1828','24-Mar-1905');
INSERT INTO authors(author_id, fullname, birth_date, death_date) VALUES ('14','Харуки Мураками','12-Jan-1949',NULL);
INSERT INTO authors(author_id, fullname, birth_date, death_date) VALUES ('15','Джордж Р. Р. Мартин','20-Sept-1948',NULL);
INSERT INTO authors(author_id, fullname, birth_date, death_date) VALUES ('16','Виктор Пелевин','22-Nov-1962',NULL);
INSERT INTO authors(author_id, fullname, birth_date, death_date) VALUES ('17','Владимир Набоков','22-Apr-1899','2-Jul-1977');
INSERT INTO authors(author_id, fullname, birth_date, death_date) VALUES ('18','Олдос Хаксли','26-Jun-1894','22-Nov-1963');
INSERT INTO authors(author_id, fullname, birth_date, death_date) VALUES ('19','Маргарет Митчелл','8-Oct-1900','16-Aug-1949');
INSERT INTO authors(author_id, fullname, birth_date, death_date) VALUES ('20','Александр Дюма','24-Jul-1802','5-Dec-1870');
INSERT INTO authors(author_id, fullname, birth_date, death_date) VALUES ('21','Януш Леон Вишневский','18-Aug-1954',NULL);
INSERT INTO authors(author_id, fullname, birth_date, death_date) VALUES ('22','Михаил Булгаков','3-May-1891','10-Mar-1940');
INSERT INTO authors(author_id, fullname, birth_date, death_date) VALUES ('23','Фёдор Достоевский','30-Oct-1821','28-Jan-1881');
INSERT INTO authors(author_id, fullname, birth_date, death_date) VALUES ('24','Артур Конан Дойл','22-May-1859','7-Jul-1930');
INSERT INTO authors(author_id, fullname, birth_date, death_date) VALUES ('25','Джон Фаулз','31-Mar-1926','5-Nov-2005');
INSERT INTO authors(author_id, fullname, birth_date, death_date) VALUES ('26','Габриэль Гарсиа Маркес','6-Mar-1928','17-Apr-2014');
INSERT INTO authors(author_id, fullname, birth_date, death_date) VALUES ('27','Иван Тургенев','28-Oct-1818','22-Aug-1883');
INSERT INTO authors(author_id, fullname, birth_date, death_date) VALUES ('28','Александр Куприн','7-Sept-1870','25-Aug-1938');
INSERT INTO authors(author_id, fullname, birth_date, death_date) VALUES ('29','Антон Чехов','17-Jan-1860','2-Jul-1904');
INSERT INTO authors(author_id, fullname, birth_date, death_date) VALUES ('30','Дж. К. Роулинг','31-Jul-1965',NULL);
INSERT INTO genres(genre_id, name) VALUES ('1','Психоделика');
INSERT INTO genres(genre_id, name) VALUES ('2','Реализм');
INSERT INTO genres(genre_id, name) VALUES ('3','Фантастика');
INSERT INTO genres(genre_id, name) VALUES ('4','Ужасы');
INSERT INTO genres(genre_id, name) VALUES ('5','Антиутопия');
INSERT INTO genres(genre_id, name) VALUES ('6','Постмодернизм');
INSERT INTO genres(genre_id, name) VALUES ('7','Космоопера');
INSERT INTO genres(genre_id, name) VALUES ('8','Сюрреализм');
INSERT INTO genres(genre_id, name) VALUES ('9','Боевая фантастика');
INSERT INTO genres(genre_id, name) VALUES ('10','Фэнтези');
INSERT INTO genres(genre_id, name) VALUES ('11','Детектив');
INSERT INTO genres(genre_id, name) VALUES ('12','Боевик');
INSERT INTO genres(genre_id, name) VALUES ('13','Постапокалипсис');
INSERT INTO genres(genre_id, name) VALUES ('14','Магический реализм');
INSERT INTO genres(genre_id, name) VALUES ('15','Киберпанк');
INSERT INTO genres(genre_id, name) VALUES ('16','Приключения');
INSERT INTO genres(genre_id, name) VALUES ('17','Сказка');
INSERT INTO genres(genre_id, name) VALUES ('18','Новелла');
INSERT INTO genres(genre_id, name) VALUES ('19','Космическая фантастика');
INSERT INTO genres(genre_id, name) VALUES ('20','Научная фантастика');
INSERT INTO genres(genre_id, name) VALUES ('21','Триллер');
INSERT INTO genres(genre_id, name) VALUES ('22','Исторический роман');
INSERT INTO genres(genre_id, name) VALUES ('23','Трагедия');
INSERT INTO genres(genre_id, name) VALUES ('24','Поэзия');
INSERT INTO genres(genre_id, name) VALUES ('25','Любовный роман');
INSERT INTO genres(genre_id, name) VALUES ('26','Роман');
INSERT INTO genres(genre_id, name) VALUES ('27','Повесть');
INSERT INTO genres(genre_id, name) VALUES ('28','Мистика');
INSERT INTO books(book_id, title, author_id, publication_date, lang, rating, total_values, created_at, updated_at) VALUES ('1','Гамлет','1','01-Jan-1603','eng',5.1,0,CURRENT_TIMESTAMP,CURRENT_TIMESTAMP);
INSERT INTO books(book_id, title, author_id, publication_date, lang, rating, total_values, created_at, updated_at) VALUES ('2','Король Лир','1','01-Jan-1606','eng',9.9,0,CURRENT_TIMESTAMP,CURRENT_TIMESTAMP);
INSERT INTO books(book_id, title, author_id, publication_date, lang, rating, total_values, created_at, updated_at) VALUES ('3','Отелло','1','1-Jan-1604','eng',4.7,0,CURRENT_TIMESTAMP,CURRENT_TIMESTAMP);
INSERT INTO books(book_id, title, author_id, publication_date, lang, rating, total_values, created_at, updated_at) VALUES ('4','Лукреция','1','1-Jan-1594','eng',9.8,0,CURRENT_TIMESTAMP,CURRENT_TIMESTAMP);
INSERT INTO books(book_id, title, author_id, publication_date, lang, rating, total_values, created_at, updated_at) VALUES ('5','Зов предков','2','1-Jan-1903','eng',2.5,0,CURRENT_TIMESTAMP,CURRENT_TIMESTAMP);
INSERT INTO books(book_id, title, author_id, publication_date, lang, rating, total_values, created_at, updated_at) VALUES ('6','Смирительная рубашка','2','1-Jan-1915','eng',9.6,0,CURRENT_TIMESTAMP,CURRENT_TIMESTAMP);
INSERT INTO books(book_id, title, author_id, publication_date, lang, rating, total_values, created_at, updated_at) VALUES ('7','Мартин Иден','2','1-Jan-1909','eng',3.0,0,CURRENT_TIMESTAMP,CURRENT_TIMESTAMP);
INSERT INTO books(book_id, title, author_id, publication_date, lang, rating, total_values, created_at, updated_at) VALUES ('8','Белый клык','2','1-Jan-1905','eng',0.8,0,CURRENT_TIMESTAMP,CURRENT_TIMESTAMP);
INSERT INTO books(book_id, title, author_id, publication_date, lang, rating, total_values, created_at, updated_at) VALUES ('9','Все лето в одну ночь','3','1-Jan-1950','eng',0.5,0,CURRENT_TIMESTAMP,CURRENT_TIMESTAMP);
INSERT INTO books(book_id, title, author_id, publication_date, lang, rating, total_values, created_at, updated_at) VALUES ('10','451 градус по Фаренгейту','3','1-Jan-1953','eng',0.7,0,CURRENT_TIMESTAMP,CURRENT_TIMESTAMP);
INSERT INTO books(book_id, title, author_id, publication_date, lang, rating, total_values, created_at, updated_at) VALUES ('11','Улыбка','3','1-Jan-1952','eng',8.3,0,CURRENT_TIMESTAMP,CURRENT_TIMESTAMP);
INSERT INTO books(book_id, title, author_id, publication_date, lang, rating, total_values, created_at, updated_at) VALUES ('12','Хрустальная чаша','4','1-Jan-1920','eng',2.8,0,CURRENT_TIMESTAMP,CURRENT_TIMESTAMP);
INSERT INTO books(book_id, title, author_id, publication_date, lang, rating, total_values, created_at, updated_at) VALUES ('13','Крошка Минни Макклоски','4','1-Jan-1916','eng',8.0,0,CURRENT_TIMESTAMP,CURRENT_TIMESTAMP);
INSERT INTO books(book_id, title, author_id, publication_date, lang, rating, total_values, created_at, updated_at) VALUES ('14','Джейн Эйр','5','1-Jan-1857','eng',2.6,0,CURRENT_TIMESTAMP,CURRENT_TIMESTAMP);
INSERT INTO books(book_id, title, author_id, publication_date, lang, rating, total_values, created_at, updated_at) VALUES ('15','Шерли','5','1-Jan-1859','eng',2.9,0,CURRENT_TIMESTAMP,CURRENT_TIMESTAMP);
INSERT INTO books(book_id, title, author_id, publication_date, lang, rating, total_values, created_at, updated_at) VALUES ('16','Дракула','6','1-Jan-1897','eng',7.7,0,CURRENT_TIMESTAMP,CURRENT_TIMESTAMP);
INSERT INTO books(book_id, title, author_id, publication_date, lang, rating, total_values, created_at, updated_at) VALUES ('17','Дом судьи','6','1-Jan-1891','eng',1.5,0,CURRENT_TIMESTAMP,CURRENT_TIMESTAMP);
INSERT INTO books(book_id, title, author_id, publication_date, lang, rating, total_values, created_at, updated_at) VALUES ('18','Цыганское пророчество','6','1-Jan-1914','eng',6.7,0,CURRENT_TIMESTAMP,CURRENT_TIMESTAMP);
INSERT INTO books(book_id, title, author_id, publication_date, lang, rating, total_values, created_at, updated_at) VALUES ('19','Ночь перед Рождеством','7','1-Jan-1832','ru',4.2,0,CURRENT_TIMESTAMP,CURRENT_TIMESTAMP);
INSERT INTO books(book_id, title, author_id, publication_date, lang, rating, total_values, created_at, updated_at) VALUES ('20','Вечера на хуторе близ Диканьки','7',NULL,'ru',4.8,0,CURRENT_TIMESTAMP,CURRENT_TIMESTAMP);
INSERT INTO books(book_id, title, author_id, publication_date, lang, rating, total_values, created_at, updated_at) VALUES ('21','Записки сумасшедшего','7','1-Jan-1835','ru',8.1,0,CURRENT_TIMESTAMP,CURRENT_TIMESTAMP);
INSERT INTO books(book_id, title, author_id, publication_date, lang, rating, total_values, created_at, updated_at) VALUES ('22','Портрет','7','1-Jan-1835','ru',3.2,0,CURRENT_TIMESTAMP,CURRENT_TIMESTAMP);
INSERT INTO books(book_id, title, author_id, publication_date, lang, rating, total_values, created_at, updated_at) VALUES ('23','Дверь в стене','8','1-Jan-1906','eng',6.3,0,CURRENT_TIMESTAMP,CURRENT_TIMESTAMP);
INSERT INTO books(book_id, title, author_id, publication_date, lang, rating, total_values, created_at, updated_at) VALUES ('24','Звезда','8','1-Jan-1897','eng',8.1,0,CURRENT_TIMESTAMP,CURRENT_TIMESTAMP);
INSERT INTO books(book_id, title, author_id, publication_date, lang, rating, total_values, created_at, updated_at) VALUES ('25','Это было в каменном веке','8','1-Jan-1897','eng',4.0,0,CURRENT_TIMESTAMP,CURRENT_TIMESTAMP);
INSERT INTO books(book_id, title, author_id, publication_date, lang, rating, total_values, created_at, updated_at) VALUES ('26','Джимми - пучеглазый бог','8','1-Jan-1898','eng',8.5,0,CURRENT_TIMESTAMP,CURRENT_TIMESTAMP);
INSERT INTO books(book_id, title, author_id, publication_date, lang, rating, total_values, created_at, updated_at) VALUES ('27','Голодные игры','9','14-Jul-2012','eng',3.5,0,CURRENT_TIMESTAMP,CURRENT_TIMESTAMP);
INSERT INTO books(book_id, title, author_id, publication_date, lang, rating, total_values, created_at, updated_at) VALUES ('28','И вспыхнет пламя','9','1-Feb-2012','eng',9.0,0,CURRENT_TIMESTAMP,CURRENT_TIMESTAMP);
INSERT INTO books(book_id, title, author_id, publication_date, lang, rating, total_values, created_at, updated_at) VALUES ('29','Метро 2033','10','1-Jan-2005','ru',0.6,0,CURRENT_TIMESTAMP,CURRENT_TIMESTAMP);
INSERT INTO books(book_id, title, author_id, publication_date, lang, rating, total_values, created_at, updated_at) VALUES ('30','Дневник учёного. Предыстория к мультфильму «9»','10','1-Jan-2009','ru',7.5,0,CURRENT_TIMESTAMP,CURRENT_TIMESTAMP);
INSERT INTO books(book_id, title, author_id, publication_date, lang, rating, total_values, created_at, updated_at) VALUES ('31','Сумерки','10','1-Jan-2007','ru',8.6,0,CURRENT_TIMESTAMP,CURRENT_TIMESTAMP);
INSERT INTO books(book_id, title, author_id, publication_date, lang, rating, total_values, created_at, updated_at) VALUES ('32','Будущее','10','3-Mar-2014','ru',5.2,0,CURRENT_TIMESTAMP,CURRENT_TIMESTAMP);
INSERT INTO books(book_id, title, author_id, publication_date, lang, rating, total_values, created_at, updated_at) VALUES ('33','Девушка с татуировкой дракона','11','1-Jan-2005','eng',6.8,0,CURRENT_TIMESTAMP,CURRENT_TIMESTAMP);
INSERT INTO books(book_id, title, author_id, publication_date, lang, rating, total_values, created_at, updated_at) VALUES ('34','Девушка, которая играла с огнём','11','3-Feb-2013','eng',6.2,0,CURRENT_TIMESTAMP,CURRENT_TIMESTAMP);
INSERT INTO books(book_id, title, author_id, publication_date, lang, rating, total_values, created_at, updated_at) VALUES ('35','Девушка, которая взрывала воздушные замки','11','29-Feb-2012','eng',6.4,0,CURRENT_TIMESTAMP,CURRENT_TIMESTAMP);
INSERT INTO books(book_id, title, author_id, publication_date, lang, rating, total_values, created_at, updated_at) VALUES ('36','Иллюзии','12','1-Jan-1979','eng',8.7,0,CURRENT_TIMESTAMP,CURRENT_TIMESTAMP);
INSERT INTO books(book_id, title, author_id, publication_date, lang, rating, total_values, created_at, updated_at) VALUES ('37','Ничто не случайно','12','1-Jan-1969','eng',3.4,0,CURRENT_TIMESTAMP,CURRENT_TIMESTAMP);
INSERT INTO books(book_id, title, author_id, publication_date, lang, rating, total_values, created_at, updated_at) VALUES ('38','Мост через вечность','12','1-Jan-1984','eng',2.0,0,CURRENT_TIMESTAMP,CURRENT_TIMESTAMP);
INSERT INTO books(book_id, title, author_id, publication_date, lang, rating, total_values, created_at, updated_at) VALUES ('39','Дар тому, кто рожден летать','12','1-Jan-1974','eng',2.4,0,CURRENT_TIMESTAMP,CURRENT_TIMESTAMP);
INSERT INTO books(book_id, title, author_id, publication_date, lang, rating, total_values, created_at, updated_at) VALUES ('40','Дети капитана Гранта','13','1-Jan-1867','eng',3.7,0,CURRENT_TIMESTAMP,CURRENT_TIMESTAMP);
INSERT INTO books(book_id, title, author_id, publication_date, lang, rating, total_values, created_at, updated_at) VALUES ('41','Таинственный остров','13','1-Jan-1875','eng',3.1,0,CURRENT_TIMESTAMP,CURRENT_TIMESTAMP);
INSERT INTO books(book_id, title, author_id, publication_date, lang, rating, total_values, created_at, updated_at) VALUES ('42','20000 лье под водой','13','1-Jan-1870','eng',4.4,0,CURRENT_TIMESTAMP,CURRENT_TIMESTAMP);
INSERT INTO books(book_id, title, author_id, publication_date, lang, rating, total_values, created_at, updated_at) VALUES ('43','Пятнадцатилетний капитан','13','1-Jan-1878','eng',5.7,0,CURRENT_TIMESTAMP,CURRENT_TIMESTAMP);
INSERT INTO books(book_id, title, author_id, publication_date, lang, rating, total_values, created_at, updated_at) VALUES ('44','Вокруг света за 80 дней','13','1-Jan-1872','eng',5.9,0,CURRENT_TIMESTAMP,CURRENT_TIMESTAMP);
INSERT INTO books(book_id, title, author_id, publication_date, lang, rating, total_values, created_at, updated_at) VALUES ('45','Страна Чудес без тормозов и Конец Света','14','1-Jan-1985','eng',6.9,0,CURRENT_TIMESTAMP,CURRENT_TIMESTAMP);
INSERT INTO books(book_id, title, author_id, publication_date, lang, rating, total_values, created_at, updated_at) VALUES ('46','Дэнс, Дэнс, Дэнс','14','1-Jan-1988','eng',1.1,0,CURRENT_TIMESTAMP,CURRENT_TIMESTAMP);
INSERT INTO books(book_id, title, author_id, publication_date, lang, rating, total_values, created_at, updated_at) VALUES ('47','Послемрак','14','1-Jan-2004','eng',6.6,0,CURRENT_TIMESTAMP,CURRENT_TIMESTAMP);
INSERT INTO books(book_id, title, author_id, publication_date, lang, rating, total_values, created_at, updated_at) VALUES ('48','Игра престолов','15','1-Jan-1996','eng',1.3,0,CURRENT_TIMESTAMP,CURRENT_TIMESTAMP);
INSERT INTO books(book_id, title, author_id, publication_date, lang, rating, total_values, created_at, updated_at) VALUES ('49','Битва королей','15','1-Jan-1998','eng',7.2,0,CURRENT_TIMESTAMP,CURRENT_TIMESTAMP);
INSERT INTO books(book_id, title, author_id, publication_date, lang, rating, total_values, created_at, updated_at) VALUES ('50','Буря мечей','15','1-Jan-2000','eng',9.7,0,CURRENT_TIMESTAMP,CURRENT_TIMESTAMP);
INSERT INTO books(book_id, title, author_id, publication_date, lang, rating, total_values, created_at, updated_at) VALUES ('51','Пир стервятников','15','1-Jan-2005','eng',1.0,0,CURRENT_TIMESTAMP,CURRENT_TIMESTAMP);
INSERT INTO books(book_id, title, author_id, publication_date, lang, rating, total_values, created_at, updated_at) VALUES ('52','Танец с драконами','15','1-Jan-2011','eng',7.9,0,CURRENT_TIMESTAMP,CURRENT_TIMESTAMP);
INSERT INTO books(book_id, title, author_id, publication_date, lang, rating, total_values, created_at, updated_at) VALUES ('53','Греческий вариант','16','1-Jan-1997','ru',6.1,0,CURRENT_TIMESTAMP,CURRENT_TIMESTAMP);
INSERT INTO books(book_id, title, author_id, publication_date, lang, rating, total_values, created_at, updated_at) VALUES ('54','Операция «Burning Bush»','16','10-Feb-2010','ru',4.1,0,CURRENT_TIMESTAMP,CURRENT_TIMESTAMP);
INSERT INTO books(book_id, title, author_id, publication_date, lang, rating, total_values, created_at, updated_at) VALUES ('55','Чапаев и Пустота','16','1-Jan-1996','ru',1.2,0,CURRENT_TIMESTAMP,CURRENT_TIMESTAMP);
INSERT INTO books(book_id, title, author_id, publication_date, lang, rating, total_values, created_at, updated_at) VALUES ('56','Камера обскура','17','3-Aug-2013','ru',1.6,0,CURRENT_TIMESTAMP,CURRENT_TIMESTAMP);
INSERT INTO books(book_id, title, author_id, publication_date, lang, rating, total_values, created_at, updated_at) VALUES ('57','Приглашение на казнь','17','1-Jan-1936','ru',1.9,0,CURRENT_TIMESTAMP,CURRENT_TIMESTAMP);
INSERT INTO books(book_id, title, author_id, publication_date, lang, rating, total_values, created_at, updated_at) VALUES ('58','Первое стихотворение','17','1-Jan-1985','ru',4.9,0,CURRENT_TIMESTAMP,CURRENT_TIMESTAMP);
INSERT INTO books(book_id, title, author_id, publication_date, lang, rating, total_values, created_at, updated_at) VALUES ('59','Король, дама, валет','17','29-Apr-2013','ru',7.9,0,CURRENT_TIMESTAMP,CURRENT_TIMESTAMP);
INSERT INTO books(book_id, title, author_id, publication_date, lang, rating, total_values, created_at, updated_at) VALUES ('60','О дивный новый мир','18','1-Jan-1932','eng',4.3,0,CURRENT_TIMESTAMP,CURRENT_TIMESTAMP);
INSERT INTO books(book_id, title, author_id, publication_date, lang, rating, total_values, created_at, updated_at) VALUES ('61','Контрапункт','18','1-Jan-1928','eng',5.6,0,CURRENT_TIMESTAMP,CURRENT_TIMESTAMP);
INSERT INTO books(book_id, title, author_id, publication_date, lang, rating, total_values, created_at, updated_at) VALUES ('62','Унесенные ветром','19','1-Jan-1936','eng',9.0,0,CURRENT_TIMESTAMP,CURRENT_TIMESTAMP);
INSERT INTO books(book_id, title, author_id, publication_date, lang, rating, total_values, created_at, updated_at) VALUES ('63','Граф Монте-Кристо','20','1-Jan-1844','fr',1.0,0,CURRENT_TIMESTAMP,CURRENT_TIMESTAMP);
INSERT INTO books(book_id, title, author_id, publication_date, lang, rating, total_values, created_at, updated_at) VALUES ('64','Три мушкетёра','20','1-Jan-1844','fr',7.6,0,CURRENT_TIMESTAMP,CURRENT_TIMESTAMP);
INSERT INTO books(book_id, title, author_id, publication_date, lang, rating, total_values, created_at, updated_at) VALUES ('65','Королева Марго','20','1-Jan-1845','fr',1.0,0,CURRENT_TIMESTAMP,CURRENT_TIMESTAMP);
INSERT INTO books(book_id, title, author_id, publication_date, lang, rating, total_values, created_at, updated_at) VALUES ('66','Двадцать лет спустя','20','1-Jan-1845','fr',4.7,0,CURRENT_TIMESTAMP,CURRENT_TIMESTAMP);
INSERT INTO books(book_id, title, author_id, publication_date, lang, rating, total_values, created_at, updated_at) VALUES ('67','Ночь после бракосочетания','21','1-Jan-2002','ru',5.7,0,CURRENT_TIMESTAMP,CURRENT_TIMESTAMP);
INSERT INTO books(book_id, title, author_id, publication_date, lang, rating, total_values, created_at, updated_at) VALUES ('68','Триптих: Одиночество в сети','21','1-Jan-2008','ru',3.7,0,CURRENT_TIMESTAMP,CURRENT_TIMESTAMP);
INSERT INTO books(book_id, title, author_id, publication_date, lang, rating, total_values, created_at, updated_at) VALUES ('69','Между строк','21','1-Jan-2010','ru',2.4,0,CURRENT_TIMESTAMP,CURRENT_TIMESTAMP);
INSERT INTO books(book_id, title, author_id, publication_date, lang, rating, total_values, created_at, updated_at) VALUES ('70','Аритмия чувств','21','1-Jan-10','ru',4.0,0,CURRENT_TIMESTAMP,CURRENT_TIMESTAMP);
INSERT INTO books(book_id, title, author_id, publication_date, lang, rating, total_values, created_at, updated_at) VALUES ('71','Мастер и Маргарита','22','1-Jan-1940','ru',1.6,0,CURRENT_TIMESTAMP,CURRENT_TIMESTAMP);
INSERT INTO books(book_id, title, author_id, publication_date, lang, rating, total_values, created_at, updated_at) VALUES ('72','Собачье сердце','22','1-Jan-1968','ru',5.6,0,CURRENT_TIMESTAMP,CURRENT_TIMESTAMP);
INSERT INTO books(book_id, title, author_id, publication_date, lang, rating, total_values, created_at, updated_at) VALUES ('73','Морфий','22','1-Jan-1927','ru',5.3,0,CURRENT_TIMESTAMP,CURRENT_TIMESTAMP);
INSERT INTO books(book_id, title, author_id, publication_date, lang, rating, total_values, created_at, updated_at) VALUES ('74','Записки юного врача','22','1-Jan-1926','ru',4.8,0,CURRENT_TIMESTAMP,CURRENT_TIMESTAMP);
INSERT INTO books(book_id, title, author_id, publication_date, lang, rating, total_values, created_at, updated_at) VALUES ('75','Преступление и наказание','23','1-Jan-1866','ru',7.2,0,CURRENT_TIMESTAMP,CURRENT_TIMESTAMP);
INSERT INTO books(book_id, title, author_id, publication_date, lang, rating, total_values, created_at, updated_at) VALUES ('76','Дядюшкин сон','23','1-Jan-1859','ru',7.8,0,CURRENT_TIMESTAMP,CURRENT_TIMESTAMP);
INSERT INTO books(book_id, title, author_id, publication_date, lang, rating, total_values, created_at, updated_at) VALUES ('77','Идиот','23','1-Jan-1869','ru',9.3,0,CURRENT_TIMESTAMP,CURRENT_TIMESTAMP);
INSERT INTO books(book_id, title, author_id, publication_date, lang, rating, total_values, created_at, updated_at) VALUES ('78','Бесы','23','1-Jan-1872','ru',1.1,0,CURRENT_TIMESTAMP,CURRENT_TIMESTAMP);
INSERT INTO books(book_id, title, author_id, publication_date, lang, rating, total_values, created_at, updated_at) VALUES ('79','Человек с побелевшим лицом','24','1-Jan-1926','eng',4.6,0,CURRENT_TIMESTAMP,CURRENT_TIMESTAMP);
INSERT INTO books(book_id, title, author_id, publication_date, lang, rating, total_values, created_at, updated_at) VALUES ('80','Записки о Шерлоке Холмсе','24','1-Jan-1893','eng',3.0,0,CURRENT_TIMESTAMP,CURRENT_TIMESTAMP);
INSERT INTO books(book_id, title, author_id, publication_date, lang, rating, total_values, created_at, updated_at) VALUES ('81','Шерлок Холмс при смерти','24','1-Jan-1913','eng',6.4,0,CURRENT_TIMESTAMP,CURRENT_TIMESTAMP);
INSERT INTO books(book_id, title, author_id, publication_date, lang, rating, total_values, created_at, updated_at) VALUES ('82','Возвращение Шерлока Холмса','24','1-Jan-1905','eng',1.2,0,CURRENT_TIMESTAMP,CURRENT_TIMESTAMP);
INSERT INTO books(book_id, title, author_id, publication_date, lang, rating, total_values, created_at, updated_at) VALUES ('83','Коллекционер','25','1-Jan-1963','eng',3.8,0,CURRENT_TIMESTAMP,CURRENT_TIMESTAMP);
INSERT INTO books(book_id, title, author_id, publication_date, lang, rating, total_values, created_at, updated_at) VALUES ('84','Дэниел Мартин','25','1-Jan-1977','eng',6.6,0,CURRENT_TIMESTAMP,CURRENT_TIMESTAMP);
INSERT INTO books(book_id, title, author_id, publication_date, lang, rating, total_values, created_at, updated_at) VALUES ('85','Энигма','25','1-Jan-1974','eng',5.9,0,CURRENT_TIMESTAMP,CURRENT_TIMESTAMP);
INSERT INTO books(book_id, title, author_id, publication_date, lang, rating, total_values, created_at, updated_at) VALUES ('86','Любовь во время чумы','26','1-Jan-1985','esp',5.2,0,CURRENT_TIMESTAMP,CURRENT_TIMESTAMP);
INSERT INTO books(book_id, title, author_id, publication_date, lang, rating, total_values, created_at, updated_at) VALUES ('87','Третье смирение','26','1-Jan-1947','esp',8.2,0,CURRENT_TIMESTAMP,CURRENT_TIMESTAMP);
INSERT INTO books(book_id, title, author_id, publication_date, lang, rating, total_values, created_at, updated_at) VALUES ('88','Самая лучшая работа на свете','26','1-Jan-1997','esp',9.7,0,CURRENT_TIMESTAMP,CURRENT_TIMESTAMP);
INSERT INTO books(book_id, title, author_id, publication_date, lang, rating, total_values, created_at, updated_at) VALUES ('89','Невероятная и грустная история о простодушной Эрендире и ее жестокосердной бабке','26','1-Jan-1972','esp',4.6,0,CURRENT_TIMESTAMP,CURRENT_TIMESTAMP);
INSERT INTO books(book_id, title, author_id, publication_date, lang, rating, total_values, created_at, updated_at) VALUES ('90','Дым','27','1-Jan-1867','ru',4.4,0,CURRENT_TIMESTAMP,CURRENT_TIMESTAMP);
INSERT INTO books(book_id, title, author_id, publication_date, lang, rating, total_values, created_at, updated_at) VALUES ('91','Уездный лекарь','27','1-Jan-1848','ru',5.6,0,CURRENT_TIMESTAMP,CURRENT_TIMESTAMP);
INSERT INTO books(book_id, title, author_id, publication_date, lang, rating, total_values, created_at, updated_at) VALUES ('92','Живые мощи','27','1-Jan-1874','ru',5.8,0,CURRENT_TIMESTAMP,CURRENT_TIMESTAMP);
INSERT INTO books(book_id, title, author_id, publication_date, lang, rating, total_values, created_at, updated_at) VALUES ('93','Степной Король Лир','27','1-Jan-1870','ru',9.2,0,CURRENT_TIMESTAMP,CURRENT_TIMESTAMP);
INSERT INTO books(book_id, title, author_id, publication_date, lang, rating, total_values, created_at, updated_at) VALUES ('94','Листригоны','28','1-Jan-1911','ru',1.8,0,CURRENT_TIMESTAMP,CURRENT_TIMESTAMP);
INSERT INTO books(book_id, title, author_id, publication_date, lang, rating, total_values, created_at, updated_at) VALUES ('95','Впотьмах','28','03-Jun-2012','ru',9.5,0,CURRENT_TIMESTAMP,CURRENT_TIMESTAMP);
INSERT INTO books(book_id, title, author_id, publication_date, lang, rating, total_values, created_at, updated_at) VALUES ('96','Яма','28','1-Jan-1915','ru',9.7,0,CURRENT_TIMESTAMP,CURRENT_TIMESTAMP);
INSERT INTO books(book_id, title, author_id, publication_date, lang, rating, total_values, created_at, updated_at) VALUES ('97','Угар','28',NULL,'ru',4.6,0,CURRENT_TIMESTAMP,CURRENT_TIMESTAMP);
INSERT INTO books(book_id, title, author_id, publication_date, lang, rating, total_values, created_at, updated_at) VALUES ('98','В ссылке','29','1-Jan-1892','ru',9.1,0,CURRENT_TIMESTAMP,CURRENT_TIMESTAMP);
INSERT INTO books(book_id, title, author_id, publication_date, lang, rating, total_values, created_at, updated_at) VALUES ('99','Палата № 6','29','1-Jan-1892','ru',1.8,0,CURRENT_TIMESTAMP,CURRENT_TIMESTAMP);
INSERT INTO books(book_id, title, author_id, publication_date, lang, rating, total_values, created_at, updated_at) VALUES ('100','Страх (Рассказ моего приятеля)','29','1-Jan-1892','ru',3.9,0,CURRENT_TIMESTAMP,CURRENT_TIMESTAMP);
INSERT INTO books(book_id, title, author_id, publication_date, lang, rating, total_values, created_at, updated_at) VALUES ('101','Неприятность','29','1-Jan-1888','ru',9.7,0,CURRENT_TIMESTAMP,CURRENT_TIMESTAMP);
INSERT INTO books(book_id, title, author_id, publication_date, lang, rating, total_values, created_at, updated_at) VALUES ('102','Гарри Поттер и философский камень','30','1-Jan-1997','eng',6.9,0,CURRENT_TIMESTAMP,CURRENT_TIMESTAMP);
INSERT INTO books(book_id, title, author_id, publication_date, lang, rating, total_values, created_at, updated_at) VALUES ('103','Гарри Поттер и узник Азкабана','30','1-Jan-1999','eng',1.1,0,CURRENT_TIMESTAMP,CURRENT_TIMESTAMP);
INSERT INTO books(book_id, title, author_id, publication_date, lang, rating, total_values, created_at, updated_at) VALUES ('104','Гарри Поттер и Кубок Огня','30','1-Jan-2000','eng',5.5,0,CURRENT_TIMESTAMP,CURRENT_TIMESTAMP);
INSERT INTO books(book_id, title, author_id, publication_date, lang, rating, total_values, created_at, updated_at) VALUES ('105','Гарри Поттер и Орден Феникса','30','1-Jan-2003','eng',6.2,0,CURRENT_TIMESTAMP,CURRENT_TIMESTAMP);
INSERT INTO books(book_id, title, author_id, publication_date, lang, rating, total_values, created_at, updated_at) VALUES ('106','Гарри Поттер и Принц-Полукровка','30','1-Jan-2005','eng',6.4,0,CURRENT_TIMESTAMP,CURRENT_TIMESTAMP);
INSERT INTO books(book_id, title, author_id, publication_date, lang, rating, total_values, created_at, updated_at) VALUES ('107','Гарри Поттер и Тайная Комната','30','1-Jan-1998','eng',8.1,0,CURRENT_TIMESTAMP,CURRENT_TIMESTAMP);
INSERT INTO books(book_id, title, author_id, publication_date, lang, rating, total_values, created_at, updated_at) VALUES ('108','Гарри Поттер и Дары Смерти','30','1-Jan-2007','eng',7.2 ,0,CURRENT_TIMESTAMP,CURRENT_TIMESTAMP);
--INSERT INTO books(book_id, title, author_id, publication_date, lang, rating, total_values, created_at, updated_at) VALUES ('','','','1-Jan-','',0,0,CURRENT_TIMESTAMP,CURRENT_TIMESTAMP);
INSERT INTO book_genre(book_id, genre_id) VALUES ('1','2');
INSERT INTO book_genre(book_id, genre_id) VALUES ('1','23');
INSERT INTO book_genre(book_id, genre_id) VALUES ('2','2');
INSERT INTO book_genre(book_id, genre_id) VALUES ('2','23');
INSERT INTO book_genre(book_id, genre_id) VALUES ('3','2');
INSERT INTO book_genre(book_id, genre_id) VALUES ('3','23');
INSERT INTO book_genre(book_id, genre_id) VALUES ('4','23');
INSERT INTO book_genre(book_id, genre_id) VALUES ('5','2');
INSERT INTO book_genre(book_id, genre_id) VALUES ('6','3');
INSERT INTO book_genre(book_id, genre_id) VALUES ('7','2');
INSERT INTO book_genre(book_id, genre_id) VALUES ('7','23');
INSERT INTO book_genre(book_id, genre_id) VALUES ('8','2');
INSERT INTO book_genre(book_id, genre_id) VALUES ('9','2');
INSERT INTO book_genre(book_id, genre_id) VALUES ('10','3');
INSERT INTO book_genre(book_id, genre_id) VALUES ('10','5');
INSERT INTO book_genre(book_id, genre_id) VALUES ('10','20');
INSERT INTO book_genre(book_id, genre_id) VALUES ('11','3');
INSERT INTO book_genre(book_id, genre_id) VALUES ('12','8');
INSERT INTO book_genre(book_id, genre_id) VALUES ('14','2');
INSERT INTO book_genre(book_id, genre_id) VALUES ('14','22');
INSERT INTO book_genre(book_id, genre_id) VALUES ('14','25');
INSERT INTO book_genre(book_id, genre_id) VALUES ('14','26');
INSERT INTO book_genre(book_id, genre_id) VALUES ('15','4');
INSERT INTO book_genre(book_id, genre_id) VALUES ('15','26');
INSERT INTO book_genre(book_id, genre_id) VALUES ('17','4');
INSERT INTO book_genre(book_id, genre_id) VALUES ('17','28');
INSERT INTO book_genre(book_id, genre_id) VALUES ('18','28');
INSERT INTO book_genre(book_id, genre_id) VALUES ('19','28');
INSERT INTO book_genre(book_id, genre_id) VALUES ('20','28');
INSERT INTO book_genre(book_id, genre_id) VALUES ('21','2');
INSERT INTO book_genre(book_id, genre_id) VALUES ('22','28');
INSERT INTO book_genre(book_id, genre_id) VALUES ('23','3');
INSERT INTO book_genre(book_id, genre_id) VALUES ('24','3');
INSERT INTO book_genre(book_id, genre_id) VALUES ('26','2');
INSERT INTO book_genre(book_id, genre_id) VALUES ('27','3');
INSERT INTO book_genre(book_id, genre_id) VALUES ('27','5');
INSERT INTO book_genre(book_id, genre_id) VALUES ('28','3');
INSERT INTO book_genre(book_id, genre_id) VALUES ('28','5');
INSERT INTO book_genre(book_id, genre_id) VALUES ('29','3');
INSERT INTO book_genre(book_id, genre_id) VALUES ('29','9');
INSERT INTO book_genre(book_id, genre_id) VALUES ('31','3');
INSERT INTO book_genre(book_id, genre_id) VALUES ('31','20');
INSERT INTO book_genre(book_id, genre_id) VALUES ('31','28');
INSERT INTO book_genre(book_id, genre_id) VALUES ('32','3');
INSERT INTO book_genre(book_id, genre_id) VALUES ('32','20');
INSERT INTO book_genre(book_id, genre_id) VALUES ('32','5');
INSERT INTO book_genre(book_id, genre_id) VALUES ('33','2');
INSERT INTO book_genre(book_id, genre_id) VALUES ('33','11');
INSERT INTO book_genre(book_id, genre_id) VALUES ('34','11');
INSERT INTO book_genre(book_id, genre_id) VALUES ('35','11');
INSERT INTO book_genre(book_id, genre_id) VALUES ('36','14');
INSERT INTO book_genre(book_id, genre_id) VALUES ('36','17');
INSERT INTO book_genre(book_id, genre_id) VALUES ('37','2');
INSERT INTO book_genre(book_id, genre_id) VALUES ('38','2');
INSERT INTO book_genre(book_id, genre_id) VALUES ('40','16');
INSERT INTO book_genre(book_id, genre_id) VALUES ('41','2');
INSERT INTO book_genre(book_id, genre_id) VALUES ('41','3');
INSERT INTO book_genre(book_id, genre_id) VALUES ('42','3');
INSERT INTO book_genre(book_id, genre_id) VALUES ('42','16');
INSERT INTO book_genre(book_id, genre_id) VALUES ('42','20');
INSERT INTO book_genre(book_id, genre_id) VALUES ('43','2');
INSERT INTO book_genre(book_id, genre_id) VALUES ('43','16');
INSERT INTO book_genre(book_id, genre_id) VALUES ('44','3');
INSERT INTO book_genre(book_id, genre_id) VALUES ('44','16');
INSERT INTO book_genre(book_id, genre_id) VALUES ('45','3');
INSERT INTO book_genre(book_id, genre_id) VALUES ('45','8');
INSERT INTO book_genre(book_id, genre_id) VALUES ('45','26');
INSERT INTO book_genre(book_id, genre_id) VALUES ('46','14');
INSERT INTO book_genre(book_id, genre_id) VALUES ('47','14');
INSERT INTO book_genre(book_id, genre_id) VALUES ('47','26');
INSERT INTO book_genre(book_id, genre_id) VALUES ('47','28');
INSERT INTO book_genre(book_id, genre_id) VALUES ('48','10');
INSERT INTO book_genre(book_id, genre_id) VALUES ('49','10');
INSERT INTO book_genre(book_id, genre_id) VALUES ('50','10');
INSERT INTO book_genre(book_id, genre_id) VALUES ('51','10');
INSERT INTO book_genre(book_id, genre_id) VALUES ('52','10');
INSERT INTO book_genre(book_id, genre_id) VALUES ('54','3');
INSERT INTO book_genre(book_id, genre_id) VALUES ('55','6');
INSERT INTO book_genre(book_id, genre_id) VALUES ('55','8');
INSERT INTO book_genre(book_id, genre_id) VALUES ('56','2');
INSERT INTO book_genre(book_id, genre_id) VALUES ('57','8');
INSERT INTO book_genre(book_id, genre_id) VALUES ('57','26');
INSERT INTO book_genre(book_id, genre_id) VALUES ('59','2');
INSERT INTO book_genre(book_id, genre_id) VALUES ('60','3');
INSERT INTO book_genre(book_id, genre_id) VALUES ('60','5');
INSERT INTO book_genre(book_id, genre_id) VALUES ('61','2');
INSERT INTO book_genre(book_id, genre_id) VALUES ('62','2');
INSERT INTO book_genre(book_id, genre_id) VALUES ('62','22');
INSERT INTO book_genre(book_id, genre_id) VALUES ('62','25');
INSERT INTO book_genre(book_id, genre_id) VALUES ('62','26');
INSERT INTO book_genre(book_id, genre_id) VALUES ('63','16');
INSERT INTO book_genre(book_id, genre_id) VALUES ('63','22');
INSERT INTO book_genre(book_id, genre_id) VALUES ('63','26');
INSERT INTO book_genre(book_id, genre_id) VALUES ('64','16');
INSERT INTO book_genre(book_id, genre_id) VALUES ('64','22');
INSERT INTO book_genre(book_id, genre_id) VALUES ('64','26');
INSERT INTO book_genre(book_id, genre_id) VALUES ('65','22');
INSERT INTO book_genre(book_id, genre_id) VALUES ('65','26');
INSERT INTO book_genre(book_id, genre_id) VALUES ('66','16');
INSERT INTO book_genre(book_id, genre_id) VALUES ('66','22');
INSERT INTO book_genre(book_id, genre_id) VALUES ('66','26');
INSERT INTO book_genre(book_id, genre_id) VALUES ('68','2');
INSERT INTO book_genre(book_id, genre_id) VALUES ('68','26');
INSERT INTO book_genre(book_id, genre_id) VALUES ('71','3');
INSERT INTO book_genre(book_id, genre_id) VALUES ('71','25');
INSERT INTO book_genre(book_id, genre_id) VALUES ('71','26');
INSERT INTO book_genre(book_id, genre_id) VALUES ('71','28');
INSERT INTO book_genre(book_id, genre_id) VALUES ('72','3');
INSERT INTO book_genre(book_id, genre_id) VALUES ('72','20');
INSERT INTO book_genre(book_id, genre_id) VALUES ('72','27');
INSERT INTO book_genre(book_id, genre_id) VALUES ('73','2');
INSERT INTO book_genre(book_id, genre_id) VALUES ('74','2');
INSERT INTO book_genre(book_id, genre_id) VALUES ('75','2');
INSERT INTO book_genre(book_id, genre_id) VALUES ('75','11');
INSERT INTO book_genre(book_id, genre_id) VALUES ('75','21');
INSERT INTO book_genre(book_id, genre_id) VALUES ('75','26');
INSERT INTO book_genre(book_id, genre_id) VALUES ('76','2');
INSERT INTO book_genre(book_id, genre_id) VALUES ('76','27');
INSERT INTO book_genre(book_id, genre_id) VALUES ('77','2');
INSERT INTO book_genre(book_id, genre_id) VALUES ('77','26');
INSERT INTO book_genre(book_id, genre_id) VALUES ('78','2');
INSERT INTO book_genre(book_id, genre_id) VALUES ('78','11');
INSERT INTO book_genre(book_id, genre_id) VALUES ('78','23');
INSERT INTO book_genre(book_id, genre_id) VALUES ('78','26');
INSERT INTO book_genre(book_id, genre_id) VALUES ('79','11');
INSERT INTO book_genre(book_id, genre_id) VALUES ('80','11');
INSERT INTO book_genre(book_id, genre_id) VALUES ('81','11');
INSERT INTO book_genre(book_id, genre_id) VALUES ('82','11');
INSERT INTO book_genre(book_id, genre_id) VALUES ('83','2');
INSERT INTO book_genre(book_id, genre_id) VALUES ('83','26');
INSERT INTO book_genre(book_id, genre_id) VALUES ('84','2');
INSERT INTO book_genre(book_id, genre_id) VALUES ('85','2');
INSERT INTO book_genre(book_id, genre_id) VALUES ('85','11');
INSERT INTO book_genre(book_id, genre_id) VALUES ('86','14');
INSERT INTO book_genre(book_id, genre_id) VALUES ('87','14');
INSERT INTO book_genre(book_id, genre_id) VALUES ('89','14');
INSERT INTO book_genre(book_id, genre_id) VALUES ('90','2');
INSERT INTO book_genre(book_id, genre_id) VALUES ('91','2');
INSERT INTO book_genre(book_id, genre_id) VALUES ('92','2');
INSERT INTO book_genre(book_id, genre_id) VALUES ('93','2');
INSERT INTO book_genre(book_id, genre_id) VALUES ('94','2');
INSERT INTO book_genre(book_id, genre_id) VALUES ('95','2');
INSERT INTO book_genre(book_id, genre_id) VALUES ('95','27');
INSERT INTO book_genre(book_id, genre_id) VALUES ('99','2');
INSERT INTO book_genre(book_id, genre_id) VALUES ('101','3');
INSERT INTO book_genre(book_id, genre_id) VALUES ('102','10');
INSERT INTO book_genre(book_id, genre_id) VALUES ('103','10');
INSERT INTO book_genre(book_id, genre_id) VALUES ('104','10');
INSERT INTO book_genre(book_id, genre_id) VALUES ('105','10');
INSERT INTO book_genre(book_id, genre_id) VALUES ('106','10');
INSERT INTO book_genre(book_id, genre_id) VALUES ('107','10');
INSERT INTO book_genre(book_id, genre_id) VALUES ('108','10');